{"cameraMode":{"drawMode":0,"name":"Shaded","section":"Shading Mode"},"sceneLighting":false,"audioPlay":false,"sceneViewState":{"m_AlwaysRefresh":false,"showFog":false,"showSkybox":false,"showFlares":false,"showImageEffects":false,"showParticleSystems":false,"showVisualEffectGraphs":true,"m_FxEnabled":true},"in2DMode":false,"pivot":{"x":408.09881591796877,"y":200.05706787109376,"z":19.145065307617189},"rotation":{"x":0.15984240174293519,"y":0.005344693548977375,"z":-0.0004095572221558541,"w":0.987324595451355},"size":2.1129307746887209,"orthographic":false}